bioguide_id,last_name,first_name,type,party,state,district,gender,birthday,twitter,facebook,url
B000944,Brown,Sherrod,sen,Democrat,OH,,M,1952-11-09,SenSherrodBrown,SenatorSherrodBrown,https://www.brown.senate.gov
C000127,Cantwell,Maria,sen,Democrat,WA,,F,1958-10-13,SenatorCantwell,senatorcantwell,https://www.cantwell.senate.gov
C000141,Cardin,Benjamin,sen,Democrat,MD,,M,1943-10-05,SenatorCardin,senatorbencardin,https://www.cardin.senate.gov
C000174,Carper,Thomas,sen,Democrat,DE,,M,1947-01-23,SenatorCarper,tomcarper,https://www.carper.senate.gov/public
C001070,Casey,Robert,sen,Democrat,PA,,M,1960-04-13,SenBobCasey,SenatorBobCasey,https://www.casey.senate.gov
C001071,Corker,Bob,sen,Republican,TN,,M,1952-08-24,SenBobCorker,bobcorker,https://www.corker.senate.gov
F000062,Feinstein,Dianne,sen,Democrat,CA,,F,1933-06-22,SenFeinstein,senatorfeinstein,https://www.feinstein.senate.gov
H000338,Hatch,Orrin,sen,Republican,UT,,M,1934-03-22,SenOrrinHatch,senatororrinhatch,https://www.hatch.senate.gov
K000367,Klobuchar,Amy,sen,Democrat,MN,,F,1960-05-25,,,https://www.klobuchar.senate.gov
M001170,McCaskill,Claire,sen,Democrat,MO,,F,1953-07-24,McCaskillOffice,senatormccaskill,https://www.mccaskill.senate.gov
M000639,Menéndez,Robert,sen,Democrat,NJ,,M,1954-01-01,SenatorMenendez,senatormenendez,https://www.menendez.senate.gov
N000032,Nelson,Bill,sen,Democrat,FL,,M,1942-09-29,SenBillNelson,,https://www.billnelson.senate.gov
S000033,Sanders,Bernard,sen,Independent,VT,,M,1941-09-08,SenSanders,senatorsanders,https://www.sanders.senate.gov
S000770,Stabenow,Debbie,sen,Democrat,MI,,F,1950-04-29,SenStabenow,SenatorStabenow,https://www.stabenow.senate.gov
T000464,Tester,Jon,sen,Democrat,MT,,M,1956-08-21,SenatorTester,senatortester,https://www.tester.senate.gov
W000802,Whitehouse,Sheldon,sen,Democrat,RI,,M,1955-10-20,SenWhitehouse,SenatorWhitehouse,https://www.whitehouse.senate.gov
B001261,Barrasso,John,sen,Republican,WY,,M,1952-07-21,SenJohnBarrasso,johnbarrasso,https://www.barrasso.senate.gov
W000437,Wicker,Roger,sen,Republican,MS,,M,1951-07-05,SenatorWicker,SenatorWicker,https://www.wicker.senate.gov
A000360,Alexander,Lamar,sen,Republican,TN,,M,1940-07-03,SenAlexander,senatorlamaralexander,https://www.alexander.senate.gov/public
C000567,Cochran,Thad,sen,Republican,MS,,M,1937-12-07,SenThadCochran,,https://www.cochran.senate.gov
C001035,Collins,Susan,sen,Republican,ME,,F,1952-12-07,SenatorCollins,susancollins,https://www.collins.senate.gov
C001056,Cornyn,John,sen,Republican,TX,,M,1952-02-02,JohnCornyn,sen.johncornyn,https://www.cornyn.senate.gov
D000563,Durbin,Richard,sen,Democrat,IL,,M,1944-11-21,SenatorDurbin,SenatorDurbin,https://www.durbin.senate.gov
E000285,Enzi,Michael,sen,Republican,WY,,M,1944-02-01,SenatorEnzi,mikeenzi,https://www.enzi.senate.gov
G000359,Graham,Lindsey,sen,Republican,SC,,M,1955-07-09,GrahamBlog,USSenatorLindseyGraham,https://www.lgraham.senate.gov/public
I000024,Inhofe,James,sen,Republican,OK,,M,1934-11-17,InhofePress,jiminhofe,https://www.inhofe.senate.gov
M000355,McConnell,Mitch,sen,Republican,KY,,M,1942-02-20,McConnellPress,mitchmcconnell,https://www.mcconnell.senate.gov
M001176,Merkley,Jeff,sen,Democrat,OR,,M,1956-10-24,SenJeffMerkley,jeffmerkley,https://www.merkley.senate.gov
R000122,Reed,John,sen,Democrat,RI,,M,1949-11-12,SenJackReed,SenJackReed,https://www.reed.senate.gov
R000584,Risch,James,sen,Republican,ID,,M,1943-05-03,SenatorRisch,,https://www.risch.senate.gov
R000307,Roberts,Pat,sen,Republican,KS,,M,1936-04-20,SenPatRoberts,SenPatRoberts,https://www.roberts.senate.gov
S001181,Shaheen,Jeanne,sen,Democrat,NH,,F,1947-01-28,SenatorShaheen,SenatorShaheen,https://www.shaheen.senate.gov
U000039,Udall,Tom,sen,Democrat,NM,,M,1948-05-18,SenatorTomUdall,senatortomudall,https://www.tomudall.senate.gov
W000805,Warner,Mark,sen,Democrat,VA,,M,1954-12-15,MarkWarner,MarkRWarner,https://www.warner.senate.gov
G000555,Gillibrand,Kirsten,sen,Democrat,NY,,F,1966-12-09,SenGillibrand,SenKirstenGillibrand,https://www.gillibrand.senate.gov
F000457,Franken,Alan,sen,Democrat,MN,,M,1951-05-21,SenFranken,senatoralfranken,https://www.franken.senate.gov
C001088,Coons,Chris,sen,Democrat,DE,,M,1963-09-09,SenCoonsOffice,senatorchriscoons,https://www.coons.senate.gov
M001183,Manchin,Joe,sen,Democrat,WV,,M,1947-08-24,Sen_JoeManchin,JoeManchinIII,https://www.manchin.senate.gov
A000055,Aderholt,Robert,rep,Republican,AL,4,M,1965-07-22,Robert_Aderholt,RobertAderholt,https://aderholt.house.gov
A000367,Amash,Justin,rep,Republican,MI,3,M,1980-04-18,,repjustinamash,https://amash.house.gov
B001230,Baldwin,Tammy,sen,Democrat,WI,,F,1962-02-11,SenatorBaldwin,senatortammybaldwin,https://www.baldwin.senate.gov
B001269,Barletta,Lou,rep,Republican,PA,11,M,1956-01-28,RepLouBarletta,CongressmanLouBarletta,https://barletta.house.gov
B000213,Barton,Joe,rep,Republican,TX,6,M,1949-09-15,RepJoeBarton,RepJoeBarton,https://joebarton.house.gov
B001270,Bass,Karen,rep,Democrat,CA,37,F,1953-10-03,RepKarenBass,RepKarenBass,https://bass.house.gov
B001267,Bennet,Michael,sen,Democrat,CO,,M,1964-11-28,SenBennetCo,senbennetco,https://www.bennet.senate.gov
B001257,Bilirakis,Gus,rep,Republican,FL,12,M,1963-02-08,RepGusBilirakis,GusBilirakis,https://bilirakis.house.gov
B001250,Bishop,Rob,rep,Republican,UT,1,M,1951-07-13,RepRobBishop,RepRobBishop,https://robbishop.house.gov
B000490,Bishop,Sanford,rep,Democrat,GA,2,M,1947-02-04,SanfordBishop,sanfordbishop,https://bishop.house.gov
B001273,Black,Diane,rep,Republican,TN,6,F,1951-01-16,RepDianeBlack,DianeBlackTN06,https://black.house.gov
B001243,Blackburn,Marsha,rep,Republican,TN,7,F,1952-06-06,MarshaBlackburn,marshablackburn,https://blackburn.house.gov
B000574,Blumenauer,Earl,rep,Democrat,OR,3,M,1948-08-16,BlumenauerMedia,,https://blumenauer.house.gov
B001277,Blumenthal,Richard,sen,Democrat,CT,,M,1946-02-13,SenBlumenthal,SenBlumenthal,https://www.blumenthal.senate.gov
B000575,Blunt,Roy,sen,Republican,MO,,M,1950-01-10,RoyBlunt,SenatorBlunt,https://www.blunt.senate.gov/public
B001236,Boozman,John,sen,Republican,AR,,M,1950-12-10,JohnBoozman,JohnBoozman,https://www.boozman.senate.gov/public
B000755,Brady,Kevin,rep,Republican,TX,8,M,1955-04-11,RepKevinBrady,kevinbrady,https://kevinbrady.house.gov
B001227,Brady,Robert,rep,Democrat,PA,1,M,1945-04-07,RepBrady,RepRobertBrady,https://brady.house.gov
B001274,Brooks,Mo,rep,Republican,AL,5,M,1954-04-29,RepMoBrooks,RepMoBrooks,https://brooks.house.gov
B001260,Buchanan,Vern,rep,Republican,FL,16,M,1951-05-08,VernBuchanan,CongressmanBuchanan,https://buchanan.house.gov
B001275,Bucshon,Larry,rep,Republican,IN,8,M,1962-05-31,RepLarryBucshon,RepLarryBucshon,https://bucshon.house.gov
B001248,Burgess,Michael,rep,Republican,TX,26,M,1950-12-23,MichaelCBurgess,michaelcburgess,https://burgess.house.gov
B001135,Burr,Richard,sen,Republican,NC,,M,1955-11-30,SenatorBurr,SenatorRichardBurr,https://www.burr.senate.gov
B001251,Butterfield,George,rep,Democrat,NC,1,M,1947-04-27,GKButterfield,congressmangkbutterfield,https://butterfield.house.gov
C000059,Calvert,Ken,rep,Republican,CA,42,M,1953-06-08,KenCalvert,70063393423,https://calvert.house.gov
C001047,Capito,Shelley,sen,Republican,WV,,F,1953-11-26,SenCapito,senshelley,https://www.capito.senate.gov
C001037,Capuano,Michael,rep,Democrat,MA,7,M,1952-01-09,RepMikeCapuano,RepMichaelCapuano,http://capuano.house.gov
C001072,Carson,André,rep,Democrat,IN,7,M,1974-10-16,RepAndreCarson,CongressmanAndreCarson,https://carson.house.gov
C001051,Carter,John,rep,Republican,TX,31,M,1941-11-06,JudgeCarter,judgecarter,https://carter.house.gov
C001075,Cassidy,Bill,sen,Republican,LA,,M,1957-09-28,,,https://www.cassidy.senate.gov
C001066,Castor,Kathy,rep,Democrat,FL,14,F,1966-08-20,USRepKCastor,USRepKathyCastor,https://castor.house.gov
C000266,Chabot,Steve,rep,Republican,OH,1,M,1953-01-22,RepSteveChabot,RepSteveChabot,https://chabot.house.gov
C001080,Chu,Judy,rep,Democrat,CA,27,F,1953-07-07,RepJudyChu,RepJudyChu,https://chu.house.gov
C001084,Cicilline,David,rep,Democrat,RI,1,M,1961-07-15,RepCicilline,CongressmanDavidCicilline,https://cicilline.house.gov
C001067,Clarke,Yvette,rep,Democrat,NY,9,F,1964-11-21,RepYvetteClarke,repyvettedclarke,https://clarke.house.gov
C001049,Clay,Wm.,rep,Democrat,MO,1,M,1956-07-27,,109135405838588,https://lacyclay.house.gov
C001061,Cleaver,Emanuel,rep,Democrat,MO,5,M,1944-10-26,RepCleaver,emanuelcleaverii,https://cleaver.house.gov
C000537,Clyburn,James,rep,Democrat,SC,6,M,1940-07-21,Clyburn,jameseclyburn,https://clyburn.house.gov
C001077,Coffman,Mike,rep,Republican,CO,6,M,1955-03-19,RepMikeCoffman,repmikecoffman,https://coffman.house.gov
C001068,Cohen,Steve,rep,Democrat,TN,9,M,1949-05-24,RepCohen,CongressmanSteveCohen,https://cohen.house.gov
C001053,Cole,Tom,rep,Republican,OK,4,M,1949-04-28,TomColeOK04,TomColeOK04,https://cole.house.gov
C001062,Conaway,K.,rep,Republican,TX,11,M,1948-06-11,ConawayTX11,mike.conaway,https://conaway.house.gov
C001078,Connolly,Gerald,rep,Democrat,VA,11,M,1950-03-30,GerryConnolly,CongressmanGerryConnolly,https://connolly.house.gov
C000714,Conyers,John,rep,Democrat,MI,13,M,1929-05-16,RepJohnConyers,CongressmanConyers,https://conyers.house.gov
C000754,Cooper,Jim,rep,Democrat,TN,5,M,1954-06-19,RepJimCooper,JimCooper,https://cooper.house.gov
C001059,Costa,Jim,rep,Democrat,CA,16,M,1952-04-13,RepJimCosta,RepJimCosta,https://costa.house.gov
C001069,Courtney,Joe,rep,Democrat,CT,2,M,1953-04-06,RepJoeCourtney,joecourtney,https://courtney.house.gov
C000880,Crapo,Michael,sen,Republican,ID,,M,1951-05-20,MikeCrapo,mikecrapo,https://www.crapo.senate.gov
C001087,Crawford,Eric,rep,Republican,AR,1,M,1966-01-22,RepRickCrawford,RepRickCrawford,https://crawford.house.gov
C001038,Crowley,Joseph,rep,Democrat,NY,14,M,1962-03-16,RepJoeCrowley,repjoecrowley,https://crowley.house.gov
C001063,Cuellar,Henry,rep,Democrat,TX,28,M,1955-09-19,RepCuellar,152569121550,https://cuellar.house.gov
C001048,Culberson,John,rep,Republican,TX,7,M,1956-08-24,CongCulberson,CongressmanCulberson,https://culberson.house.gov
C000984,Cummings,Elijah,rep,Democrat,MD,7,M,1951-01-18,RepCummings,elijahcummings,https://cummings.house.gov
D000096,Davis,Danny,rep,Democrat,IL,7,M,1941-09-06,RepDannyDavis,CongressmanDKDavis,https://davis.house.gov
D000598,Davis,Susan,rep,Democrat,CA,53,F,1944-04-13,RepSusanDavis,RepSusanDavis,https://susandavis.house.gov
D000191,DeFazio,Peter,rep,Democrat,OR,4,M,1947-05-27,RepPeterDeFazio,RepPeterDeFazio,https://defazio.house.gov
D000197,DeGette,Diana,rep,Democrat,CO,1,F,1957-07-29,RepDianaDeGette,DianaDeGette,https://degette.house.gov
D000216,DeLauro,Rosa,rep,Democrat,CT,3,F,1943-03-02,RosaDeLauro,CongresswomanRosaDeLauro,https://delauro.house.gov
D000612,Denham,Jeff,rep,Republican,CA,10,M,1967-07-29,RepJeffDenham,RepJeffDenham,https://denham.house.gov
D000604,Dent,Charles,rep,Republican,PA,15,M,1960-05-24,RepCharlieDent,CongressmanDent,https://dent.house.gov
D000616,DesJarlais,Scott,rep,Republican,TN,4,M,1964-02-21,DesJarlaisTN04,ScottDesJarlaisTN04,https://desjarlais.house.gov
D000610,Deutch,Theodore,rep,Democrat,FL,22,M,1966-05-07,RepTedDeutch,CongressmanTedDeutch,https://teddeutch.house.gov
D000600,Diaz-Balart,Mario,rep,Republican,FL,25,M,1961-09-25,MarioDB,mdiazbalart,https://mariodiazbalart.house.gov
D000399,Doggett,Lloyd,rep,Democrat,TX,35,M,1946-10-06,RepLloydDoggett,lloyddoggett,https://doggett.house.gov
D000607,Donnelly,Joe,sen,Democrat,IN,,M,1955-09-28,SenDonnelly,senatordonnelly,https://www.donnelly.senate.gov
D000482,Doyle,Michael,rep,Democrat,PA,14,M,1953-08-05,USRepMikeDoyle,usrepmikedoyle,https://doyle.house.gov
D000614,Duffy,Sean,rep,Republican,WI,7,M,1971-10-03,RepSeanDuffy,RepSeanDuffy,https://duffy.house.gov
D000615,Duncan,Jeff,rep,Republican,SC,3,M,1966-01-07,RepJeffDuncan,RepJeffDuncan,https://jeffduncan.house.gov
D000533,Duncan,John,rep,Republican,TN,2,M,1947-07-21,RepJohnDuncanJr,CongressmanDuncan,https://duncan.house.gov
E000288,Ellison,Keith,rep,Democrat,MN,5,M,1963-08-04,KeithEllison,Keith.Ellison,https://ellison.house.gov
E000179,Engel,Eliot,rep,Democrat,NY,16,M,1947-02-18,RepEliotEngel,RepEliotLEngel,https://engel.house.gov
E000215,Eshoo,Anna,rep,Democrat,CA,18,F,1942-12-13,RepAnnaEshoo,RepAnnaEshoo,http://eshoo.house.gov
F000460,Farenthold,Blake,rep,Republican,TX,27,M,1961-12-12,Farenthold,BlakeFarenthold,https://farenthold.house.gov
F000444,Flake,Jeff,sen,Republican,AZ,,M,1962-12-31,JeffFlake,senatorjeffflake,https://www.flake.senate.gov/public
F000459,Fleischmann,Charles,rep,Republican,TN,3,M,1962-10-11,RepChuck,repchuck,https://fleischmann.house.gov
F000461,Flores,Bill,rep,Republican,TX,17,M,1954-02-25,RepBillFlores,RepBillFlores,https://flores.house.gov
F000449,Fortenberry,Jeff,rep,Republican,NE,1,M,1960-12-27,JeffFortenberry,jefffortenberry,https://fortenberry.house.gov
F000450,Foxx,Virginia,rep,Republican,NC,5,F,1943-06-29,VirginiaFoxx,RepVirginiaFoxx,https://foxx.house.gov
F000448,Franks,Trent,rep,Republican,AZ,8,M,1957-06-19,RepTrentFranks,TrentFranks,https://franks.house.gov
F000372,Frelinghuysen,Rodney,rep,Republican,NJ,11,M,1946-04-29,USRepRodney,rfrelinghuysen,https://frelinghuysen.house.gov
F000455,Fudge,Marcia,rep,Democrat,OH,11,F,1952-10-29,RepMarciaFudge,RepMarciaLFudge,https://fudge.house.gov
G000559,Garamendi,John,rep,Democrat,CA,3,M,1945-01-24,RepGaramendi,repgaramendi,https://garamendi.house.gov
G000562,Gardner,Cory,sen,Republican,CO,,M,1974-08-22,SenCoryGardner,SenCoryGardner,https://www.gardner.senate.gov
G000563,Gibbs,Bob,rep,Republican,OH,7,M,1954-06-14,RepBobGibbs,RepBobGibbs,https://gibbs.house.gov
G000552,Gohmert,Louie,rep,Republican,TX,1,M,1953-08-18,RepLouieGohmert,50375006903,https://gohmert.house.gov
G000289,Goodlatte,Bob,rep,Republican,VA,6,M,1952-09-22,RepGoodlatte,BobGoodlatte,https://goodlatte.house.gov
G000565,Gosar,Paul,rep,Republican,AZ,4,M,1958-11-22,RepGosar,repgosar,https://gosar.house.gov
G000566,Gowdy,Trey,rep,Republican,SC,4,M,1964-08-22,TGowdySC,RepTreyGowdy,https://gowdy.house.gov
G000377,Granger,Kay,rep,Republican,TX,12,F,1943-01-18,RepKayGranger,RepKayGranger,https://kaygranger.house.gov
G000386,Grassley,Charles,sen,Republican,IA,,M,1933-09-17,ChuckGrassley,grassley,https://www.grassley.senate.gov
G000546,Graves,Sam,rep,Republican,MO,6,M,1963-11-07,RepSamGraves,118514606128,https://graves.house.gov
G000560,Graves,Tom,rep,Republican,GA,14,M,1970-02-03,RepTomGraves,reptomgraves,https://tomgraves.house.gov
G000553,Green,Al,rep,Democrat,TX,9,M,1947-09-01,RepAlGreen,repalgreen,https://algreen.house.gov
G000410,Green,Gene,rep,Democrat,TX,29,M,1947-10-17,RepGeneGreen,RepGeneGreen,https://green.house.gov
G000568,Griffith,H.,rep,Republican,VA,9,M,1958-03-15,RepMGriffith,RepMorganGriffith,https://morgangriffith.house.gov
G000551,Grijalva,Raúl,rep,Democrat,AZ,3,M,1948-02-19,RepraulGrijalva,Rep.Grijalva,https://grijalva.house.gov
G000558,Guthrie,Brett,rep,Republican,KY,2,M,1964-02-18,RepGuthrie,CongressmanGuthrie,https://guthrie.house.gov
G000535,Gutiérrez,Luis,rep,Democrat,IL,4,M,1953-12-10,RepGutierrez,RepGutierrez,https://gutierrez.house.gov
H001045,Harper,Gregg,rep,Republican,MS,3,M,1956-06-01,GreggHarper,GreggHarper,https://harper.house.gov
H001052,Harris,Andy,rep,Republican,MD,1,M,1957-01-25,RepAndyHarrisMD,AndyHarrisMD,https://harris.house.gov
H001053,Hartzler,Vicky,rep,Republican,MO,4,F,1960-10-13,RepHartzler,Congresswoman.Hartzler,https://hartzler.house.gov
H000324,Hastings,Alcee,rep,Democrat,FL,20,M,1936-09-05,RepHastingsFL,95696782238,https://alceehastings.house.gov
H001046,Heinrich,Martin,sen,Democrat,NM,,M,1971-10-17,MartinHeinrich,MartinHeinrich,https://www.heinrich.senate.gov
H001036,Hensarling,Jeb,rep,Republican,TX,5,M,1957-05-29,RepHensarling,RepHensarling,https://hensarling.house.gov
H001056,Herrera Beutler,Jaime,rep,Republican,WA,3,F,1978-11-03,HerreraBeutler,herrerabeutler,https://herrerabeutler.house.gov
H001038,Higgins,Brian,rep,Democrat,NY,26,M,1959-10-06,RepBrianHiggins,RepBrianHiggins,https://higgins.house.gov
H001047,Himes,James,rep,Democrat,CT,4,M,1966-07-05,JAHimes,CongressmanJimHimes,https://himes.house.gov
H001042,Hirono,Mazie,sen,Democrat,HI,,F,1947-11-03,MazieHirono,senatorhirono,https://www.hirono.senate.gov
H001061,Hoeven,John,sen,Republican,ND,,M,1957-03-13,SenJohnHoeven,SenatorJohnHoeven,https://www.hoeven.senate.gov
H000874,Hoyer,Steny,rep,Democrat,MD,5,M,1939-06-14,WhipHoyer,WhipHoyer,https://hoyer.house.gov
H001058,Huizenga,Bill,rep,Republican,MI,2,M,1969-01-31,RepHuizenga,RepHuizenga,https://huizenga.house.gov
H001059,Hultgren,Randy,rep,Republican,IL,14,M,1966-03-01,RepHultgren,RepHultgren,https://hultgren.house.gov
H001048,Hunter,Duncan,rep,Republican,CA,50,M,1976-12-07,Rep_Hunter,DuncanHunter,https://hunter.house.gov
I000055,Isakson,John,sen,Republican,GA,,M,1944-12-28,SenatorIsakson,,https://www.isakson.senate.gov
I000056,Issa,Darrell,rep,Republican,CA,49,M,1953-11-01,DarrellIssa,darrellissa,https://issa.house.gov
J000032,Jackson Lee,Sheila,rep,Democrat,TX,18,F,1950-01-12,JacksonLeeTX18,CongresswomanSheilaJacksonLee,https://jacksonlee.house.gov
J000290,Jenkins,Lynn,rep,Republican,KS,2,F,1963-06-10,RepLynnJenkins,replynnjenkins,https://lynnjenkins.house.gov
J000292,Johnson,Bill,rep,Republican,OH,6,M,1954-11-10,RepBillJohnson,RepBillJohnson,https://billjohnson.house.gov
J000126,Johnson,Eddie,rep,Democrat,TX,30,F,1935-12-03,RepEBJ,CongresswomanEBJtx30,https://ebjohnson.house.gov
J000288,Johnson,Henry,rep,Democrat,GA,4,M,1954-10-02,RepHankJohnson,115356957005,https://hankjohnson.house.gov
J000293,Johnson,Ron,sen,Republican,WI,,M,1955-04-08,SenRonJohnson,senronjohnson,https://www.ronjohnson.senate.gov
J000174,Johnson,Sam,rep,Republican,TX,3,M,1930-10-11,SamsPressShop,RepSamJohnson,https://samjohnson.house.gov
J000255,Jones,Walter,rep,Republican,NC,3,M,1943-02-10,RepWalterJones,15083070102,https://jones.house.gov
J000289,Jordan,Jim,rep,Republican,OH,4,M,1964-02-17,Jim_Jordan,repjimjordan,https://jordan.house.gov
K000009,Kaptur,Marcy,rep,Democrat,OH,9,F,1946-06-17,RepMarcyKaptur,RepresentativeMarcyKaptur,https://kaptur.house.gov
K000375,Keating,William,rep,Democrat,MA,9,M,1952-09-06,USRepKeating,Congressman.Keating,https://keating.house.gov
K000376,Kelly,Mike,rep,Republican,PA,3,M,1948-05-10,MikeKellyPA,191056827594903,https://kelly.house.gov
K000188,Kind,Ron,rep,Democrat,WI,3,M,1963-03-16,RepRonKind,repronkind,https://kind.house.gov
K000210,King,Peter,rep,Republican,NY,2,M,1944-04-05,RepPeteKing,,https://peteking.house.gov
K000362,King,Steve,rep,Republican,IA,4,M,1949-05-28,SteveKingIA,stevekingia,https://steveking.house.gov
K000378,Kinzinger,Adam,rep,Republican,IL,16,M,1978-02-27,RepKinzinger,RepKinzinger,https://kinzinger.house.gov
L000573,Labrador,Raúl,rep,Republican,ID,1,M,1967-12-08,Raul_Labrador,raul.r.labrador,https://labrador.house.gov
L000564,Lamborn,Doug,rep,Republican,CO,5,M,1954-05-24,RepDLamborn,CongressmanDougLamborn,https://lamborn.house.gov
L000567,Lance,Leonard,rep,Republican,NJ,7,M,1952-06-25,RepLanceNJ7,CongressmanLance,https://lance.house.gov
L000559,Langevin,James,rep,Democrat,RI,2,M,1964-04-22,JimLangevin,CongressmanJimLangevin,https://langevin.house.gov
L000575,Lankford,James,sen,Republican,OK,,M,1968-03-04,SenatorLankford,SenatorLankford,https://www.lankford.senate.gov
L000560,Larsen,Rick,rep,Democrat,WA,2,M,1965-06-15,RepRickLarsen,RepRickLarsen,https://larsen.house.gov
L000557,Larson,John,rep,Democrat,CT,1,M,1948-07-22,RepJohnLarson,RepJohnLarson,https://larson.house.gov
L000566,Latta,Robert,rep,Republican,OH,5,M,1956-04-18,BobLatta,boblatta,https://latta.house.gov
L000174,Leahy,Patrick,sen,Democrat,VT,,M,1940-03-31,SenatorLeahy,SenatorPatrickLeahy,https://www.leahy.senate.gov
L000551,Lee,Barbara,rep,Democrat,CA,13,F,1946-07-16,RepBarbaraLee,RepBarbaraLee,https://lee.house.gov
L000577,Lee,Mike,sen,Republican,UT,,M,1971-06-04,SenMikeLee,senatormikelee,https://www.lee.senate.gov/public
L000263,Levin,Sander,rep,Democrat,MI,9,M,1931-09-06,RepSandyLevin,RepSandyLevin,https://levin.house.gov
L000287,Lewis,John,rep,Democrat,GA,5,M,1940-02-21,RepJohnLewis,RepJohnLewis,https://johnlewis.house.gov
L000563,Lipinski,Daniel,rep,Democrat,IL,3,M,1966-07-15,RepLipinski,repdanlipinski,https://lipinski.house.gov
L000554,LoBiondo,Frank,rep,Republican,NJ,2,M,1946-05-12,RepLoBiondo,FrankLoBiondo,https://lobiondo.house.gov
L000565,Loebsack,David,rep,Democrat,IA,2,M,1952-12-23,DaveLoebsack,DaveLoebsack,https://loebsack.house.gov
L000397,Lofgren,Zoe,rep,Democrat,CA,19,F,1947-12-21,RepZoeLofgren,zoelofgren,https://lofgren.house.gov
L000576,Long,Billy,rep,Republican,MO,7,M,1955-08-11,USRepLong,Rep.Billy.Long,https://long.house.gov
L000480,Lowey,Nita,rep,Democrat,NY,17,F,1937-07-05,NitaLowey,RepLowey,https://lowey.house.gov
L000491,Lucas,Frank,rep,Republican,OK,3,M,1960-01-06,RepFrankLucas,RepFrankLucas,https://lucas.house.gov
L000569,Luetkemeyer,Blaine,rep,Republican,MO,3,M,1952-05-07,RepBlainePress,BlaineLuetkemeyer,https://luetkemeyer.house.gov
L000570,Luján,Ben,rep,Democrat,NM,3,M,1972-06-07,RepBenRayLujan,RepBenRayLujan,https://lujan.house.gov
L000562,Lynch,Stephen,rep,Democrat,MA,8,M,1955-03-31,RepStephenLynch,repstephenlynch,https://lynch.house.gov
M000087,Maloney,Carolyn,rep,Democrat,NY,12,F,1946-02-19,RepMaloney,RepCarolynMaloney,https://maloney.house.gov
M001158,Marchant,Kenny,rep,Republican,TX,24,M,1951-02-23,RepKenMarchant,RepKennyMarchant,https://marchant.house.gov
M001179,Marino,Tom,rep,Republican,PA,10,M,1952-08-15,RepTomMarino,CongressmanMarino,https://marino.house.gov
M000133,Markey,Edward,sen,Democrat,MA,,M,1946-07-11,SenMarkey,EdJMarkey,https://www.markey.senate.gov
M001163,Matsui,Doris,rep,Democrat,CA,6,F,1944-09-25,DorisMatsui,doris.matsui,http://matsui.house.gov
M000303,McCain,John,sen,Republican,AZ,,M,1936-08-29,SenJohnMcCain,johnmccain,https://www.mccain.senate.gov
M001165,McCarthy,Kevin,rep,Republican,CA,23,M,1965-01-26,GOPLeader,CongressmanKevinMcCarthy,https://kevinmccarthy.house.gov
M001157,McCaul,Michael,rep,Republican,TX,10,M,1962-01-14,RepMcCaul,michaeltmccaul,https://mccaul.house.gov
M001177,McClintock,Tom,rep,Republican,CA,4,M,1956-07-10,RepMcClintock,81125319109,https://mcclintock.house.gov
M001143,McCollum,Betty,rep,Democrat,MN,4,F,1954-07-12,BettyMcCollum04,repbettymccollum,https://mccollum.house.gov
M000312,McGovern,James,rep,Democrat,MA,2,M,1959-11-20,RepMcGovern,RepJimMcGovern,https://mcgovern.house.gov
M001156,McHenry,Patrick,rep,Republican,NC,10,M,1975-10-22,PatrickMcHenry,CongressmanMcHenry,https://mchenry.house.gov
M001180,McKinley,David,rep,Republican,WV,1,M,1947-03-28,RepMcKinley,RepMcKinley,https://mckinley.house.gov
M001159,McMorris Rodgers,Cathy,rep,Republican,WA,5,F,1969-05-22,CathyMcMorris,mcmorrisrodgers,https://mcmorris.house.gov
M001166,McNerney,Jerry,rep,Democrat,CA,9,M,1951-06-18,RepMcNerney,jerrymcnerney,https://mcnerney.house.gov
M001181,Meehan,Patrick,rep,Republican,PA,7,M,1955-10-20,RepMeehan,CongressmanPatrickMeehan,https://meehan.house.gov
M001137,Meeks,Gregory,rep,Democrat,NY,5,M,1953-09-25,RepGregoryMeeks,gregorymeeksny05,https://meeks.house.gov
M001160,Moore,Gwen,rep,Democrat,WI,4,F,1951-04-18,RepGwenMoore,GwenSMoore,https://gwenmoore.house.gov
M000934,Moran,Jerry,sen,Republican,KS,,M,1954-05-29,JerryMoran,jerrymoran,https://www.moran.senate.gov
M001153,Murkowski,Lisa,sen,Republican,AK,,F,1957-05-22,LisaMurkowski,SenLisaMurkowski,https://www.murkowski.senate.gov
M001169,Murphy,Christopher,sen,Democrat,CT,,M,1973-08-03,senmurphyoffice,chrismurphyct,https://www.murphy.senate.gov
M001111,Murray,Patty,sen,Democrat,WA,,F,1950-10-11,PattyMurray,,https://www.murray.senate.gov/public
N000002,Nadler,Jerrold,rep,Democrat,NY,10,M,1947-06-13,RepJerryNadler,CongressmanNadler,https://nadler.house.gov
N000179,Napolitano,Grace,rep,Democrat,CA,32,F,1936-12-04,GraceNapolitano,RepGraceNapolitano,https://napolitano.house.gov
N000015,Neal,Richard,rep,Democrat,MA,1,M,1949-02-14,RepRichardNeal,reprichardneal,https://neal.house.gov
N000184,Noem,Kristi,rep,Republican,SD,0,F,1971-11-30,RepKristiNoem,,https://noem.house.gov
N000181,Nunes,Devin,rep,Republican,CA,22,M,1973-10-01,RepDevinNunes,,https://nunes.house.gov
O000168,Olson,Pete,rep,Republican,TX,22,M,1962-12-09,RepPeteOlson,Rep.PeteOlson,https://olson.house.gov
P000601,Palazzo,Steven,rep,Republican,MS,4,M,1970-02-21,CongPalazzo,stevenpalazzo,https://palazzo.house.gov
P000034,Pallone,Frank,rep,Democrat,NJ,6,M,1951-10-30,FrankPallone,repfrankpallone,https://pallone.house.gov
P000096,Pascrell,Bill,rep,Democrat,NJ,9,M,1937-01-25,BillPascrell,pascrell,https://pascrell.house.gov
P000603,Paul,Rand,sen,Republican,KY,,M,1963-01-07,,SenatorRandPaul,https://www.paul.senate.gov
P000594,Paulsen,Erik,rep,Republican,MN,3,M,1965-05-14,RepErikPaulsen,CongressmanErikPaulsen,https://paulsen.house.gov
P000588,Pearce,Stevan,rep,Republican,NM,2,M,1947-08-24,RepStevePearce,RepStevePearce,https://pearce.house.gov
P000197,Pelosi,Nancy,rep,Democrat,CA,12,F,1940-03-26,NancyPelosi,NancyPelosi,https://pelosi.house.gov
P000593,Perlmutter,Ed,rep,Democrat,CO,7,M,1953-05-01,RepPerlmutter,RepPerlmutter,https://perlmutter.house.gov
P000595,Peters,Gary,sen,Democrat,MI,,M,1958-12-01,SenGaryPeters,SenGaryPeters,https://www.peters.senate.gov
P000258,Peterson,Collin,rep,Democrat,MN,7,M,1944-06-29,,,https://collinpeterson.house.gov
P000597,Pingree,Chellie,rep,Democrat,ME,1,F,1955-04-02,ChelliePingree,ChelliePingree,https://pingree.house.gov
P000592,Poe,Ted,rep,Republican,TX,2,M,1948-09-10,JudgeTedPoe,106631626049851,https://poe.house.gov
P000598,Polis,Jared,rep,Democrat,CO,2,M,1975-05-12,RepJaredPolis,jaredpolis,https://polis.house.gov
P000449,Portman,Robert,sen,Republican,OH,,M,1955-12-19,SenRobPortman,senrobportman,https://www.portman.senate.gov
P000599,Posey,Bill,rep,Republican,FL,8,M,1947-12-18,CongBillPosey,bill.posey15,https://posey.house.gov
P000523,Price,David,rep,Democrat,NC,4,M,1940-08-17,RepDavidEPrice,RepDavidEPrice,https://price.house.gov
Q000023,Quigley,Mike,rep,Democrat,IL,5,M,1958-10-17,RepMikeQuigley,repmikequigley,https://quigley.house.gov
R000585,Reed,Tom,rep,Republican,NY,23,M,1971-11-18,RepTomReed,RepTomReed,https://reed.house.gov
R000578,Reichert,David,rep,Republican,WA,8,M,1950-08-29,DaveReichert,repdavereichert,https://reichert.house.gov
R000586,Renacci,James,rep,Republican,OH,16,M,1958-12-03,RepJimRenacci,repjimrenacci,https://renacci.house.gov
R000588,Richmond,Cedric,rep,Democrat,LA,2,M,1973-09-13,RepRichmond,RepRichmond,https://richmond.house.gov
R000591,Roby,Martha,rep,Republican,AL,2,F,1976-07-27,RepMarthaRoby,Representative.Martha.Roby,https://roby.house.gov
R000582,Roe,David,rep,Republican,TN,1,M,1945-07-21,DrPhilRoe,DrPhilRoe,https://roe.house.gov
R000395,Rogers,Harold,rep,Republican,KY,5,M,1937-12-31,RepHalRogers,CongressmanHalRogers,https://halrogers.house.gov
R000575,Rogers,Mike,rep,Republican,AL,3,M,1958-07-16,RepMikeRogersAL,CongressmanMikeDRogers,https://mikerogers.house.gov
R000409,Rohrabacher,Dana,rep,Republican,CA,48,M,1947-06-21,reprohrabacher,RepRohrabacher,https://rohrabacher.house.gov
R000592,Rokita,Todd,rep,Republican,IN,4,M,1970-02-09,ToddRokita,RepToddRokita,http://rokita.house.gov
R000583,Rooney,Thomas,rep,Republican,FL,17,M,1970-11-21,TomRooney,reptomrooney,https://rooney.house.gov
R000435,Ros-Lehtinen,Ileana,rep,Republican,FL,27,F,1952-07-15,RosLehtinen,iroslehtinen,https://ros-lehtinen.house.gov
R000580,Roskam,Peter,rep,Republican,IL,6,M,1961-09-13,PeterRoskam,PeterRoskam,https://roskam.house.gov
R000593,Ross,Dennis,rep,Republican,FL,15,M,1959-10-18,RepDennisRoss,dennis.ross.376,https://dennisross.house.gov
R000486,Roybal-Allard,Lucille,rep,Democrat,CA,40,F,1941-06-12,RepRoybalAllard,RepRoybalAllard,https://roybal-allard.house.gov
R000487,Royce,Edward,rep,Republican,CA,39,M,1951-10-12,RepEdRoyce,EdRoyce,https://royce.house.gov
R000595,Rubio,Marco,sen,Republican,FL,,M,1971-05-28,SenRubioPress,SenatorMarcoRubio,https://www.rubio.senate.gov
R000576,Ruppersberger,C.,rep,Democrat,MD,2,M,1946-01-31,Call_Me_Dutch,DutchRupp,https://ruppersberger.house.gov
R000515,Rush,Bobby,rep,Democrat,IL,1,M,1946-11-23,RepBobbyRush,congressmanbobbyrush,https://rush.house.gov
R000570,Ryan,Paul,rep,Republican,WI,1,M,1970-01-29,SpeakerRyan,speakerryan,https://paulryan.house.gov
R000577,Ryan,Tim,rep,Democrat,OH,13,M,1973-07-16,RepTimRyan,timryan,https://timryan.house.gov
S001168,Sarbanes,John,rep,Democrat,MD,3,M,1962-05-22,RepSarbanes,RepSarbanes,https://sarbanes.house.gov
S001176,Scalise,Steve,rep,Republican,LA,1,M,1965-10-06,SteveScalise,RepSteveScalise,https://scalise.house.gov
S001145,Schakowsky,Janice,rep,Democrat,IL,9,F,1944-05-26,JanSchakowsky,janschakowsky,https://schakowsky.house.gov
S001150,Schiff,Adam,rep,Democrat,CA,28,M,1960-06-22,RepAdamSchiff,RepAdamSchiff,https://schiff.house.gov
S001180,Schrader,Kurt,rep,Democrat,OR,5,M,1951-10-19,RepSchrader,repschrader,https://schrader.house.gov
S000148,Schumer,Charles,sen,Democrat,NY,,M,1950-11-23,SenSchumer,senschumer,https://www.schumer.senate.gov
S001183,Schweikert,David,rep,Republican,AZ,6,M,1962-03-03,RepDavid,repdavidschweikert,https://schweikert.house.gov
S001189,Scott,Austin,rep,Republican,GA,8,M,1969-12-10,AustinScottGA08,RepAustinScott,https://austinscott.house.gov
S001157,Scott,David,rep,Democrat,GA,13,M,1945-06-27,RepDavidScott,113303673339,https://davidscott.house.gov
S000185,Scott,Robert,rep,Democrat,VA,3,M,1947-04-30,BobbyScott,RepBobbyScott,https://bobbyscott.house.gov
S001184,Scott,Tim,sen,Republican,SC,,M,1965-09-19,SenatorTimScott,SenatorTimScott,https://www.scott.senate.gov
S000244,Sensenbrenner,F.,rep,Republican,WI,5,M,1943-06-14,JimPressOffice,RepSensenbrenner,https://sensenbrenner.house.gov
S000248,Serrano,José,rep,Democrat,NY,15,M,1943-10-24,RepJoseSerrano,RepJoseSerrano,https://serrano.house.gov
S000250,Sessions,Pete,rep,Republican,TX,32,M,1955-03-22,PeteSessions,petesessions,https://sessions.house.gov
S001185,Sewell,Terri,rep,Democrat,AL,7,F,1965-01-01,RepTerriSewell,RepSewell,https://sewell.house.gov
S000320,Shelby,Richard,sen,Republican,AL,,M,1934-05-06,SenShelby,RichardShelby,https://www.shelby.senate.gov
S000344,Sherman,Brad,rep,Democrat,CA,30,M,1954-10-24,BradSherman,63158229861,https://sherman.house.gov
S000364,Shimkus,John,rep,Republican,IL,15,M,1958-02-21,RepShimkus,repshimkus,https://shimkus.house.gov
S001154,Shuster,Bill,rep,Republican,PA,9,M,1961-01-10,RepBillShuster,Rep.Shuster,https://shuster.house.gov
S001148,Simpson,Michael,rep,Republican,ID,2,M,1950-09-08,CongMikeSimpson,96007744606,https://simpson.house.gov
S001165,Sires,Albio,rep,Democrat,NJ,8,M,1951-01-26,RepSires,81058818750,https://sires.house.gov
S000480,Slaughter,Louise,rep,Democrat,NY,25,F,1929-08-14,LouiseSlaughter,RepLouiseSlaughter,https://louise.house.gov
S000510,Smith,Adam,rep,Democrat,WA,9,M,1965-06-15,RepAdamSmith,RepAdamSmith,https://adamsmith.house.gov
S001172,Smith,Adrian,rep,Republican,NE,3,M,1970-12-19,RepAdrianSmith,,https://adriansmith.house.gov
S000522,Smith,Christopher,rep,Republican,NJ,4,M,1953-03-04,RepChrisSmith,RepChrisSmith,https://chrissmith.house.gov
S000583,Smith,Lamar,rep,Republican,TX,21,M,1947-11-19,LamarSmithTX21,LamarSmithTX21,https://lamarsmith.house.gov
S001175,Speier,Jackie,rep,Democrat,CA,14,F,1950-05-14,RepSpeier,JackieSpeier,https://speier.house.gov
S001187,Stivers,Steve,rep,Republican,OH,15,M,1965-03-24,RepSteveStivers,116058275133542,https://stivers.house.gov
S001156,Sánchez,Linda,rep,Democrat,CA,38,F,1969-01-28,RepLindaSanchez,CongresswomanLindaSanchez,https://lindasanchez.house.gov
T000193,Thompson,Bennie,rep,Democrat,MS,2,M,1948-01-28,BennieGThompson,CongressmanBennieGThompson,https://benniethompson.house.gov
T000460,Thompson,Mike,rep,Democrat,CA,5,M,1951-01-24,RepThompson,RepMikeThompson,https://mikethompson.house.gov
T000467,Thompson,Glenn,rep,Republican,PA,5,M,1959-07-27,CongressmanGT,CongressmanGT,https://thompson.house.gov
T000238,Thornberry,Mac,rep,Republican,TX,13,M,1958-07-15,MacTXPress,repmacthornberry,https://thornberry.house.gov
T000250,Thune,John,sen,Republican,SD,,M,1961-01-07,SenJohnThune,,https://www.thune.senate.gov
T000462,Tiberi,Patrick,rep,Republican,OH,12,M,1962-10-21,pattiberi,RepPatTiberi,https://tiberi.house.gov
T000470,Tipton,Scott,rep,Republican,CO,3,M,1956-11-09,RepTipton,CongressmanScottTipton,https://tipton.house.gov
T000469,Tonko,Paul,rep,Democrat,NY,20,M,1949-06-18,RepPaulTonko,reppaultonko,https://tonko.house.gov
T000461,Toomey,Patrick,sen,Republican,PA,,M,1961-11-17,SenToomey,senatortoomey,https://www.toomey.senate.gov
T000465,Tsongas,Niki,rep,Democrat,MA,3,F,1946-04-26,NikiInTheHouse,RepTsongas,https://tsongas.house.gov
T000463,Turner,Michael,rep,Republican,OH,10,M,1960-01-11,RepMikeTurner,RepMikeTurner,https://turner.house.gov
U000031,Upton,Fred,rep,Republican,MI,6,M,1953-04-23,RepFredUpton,RepFredUpton,https://upton.house.gov
V000128,Van Hollen,Chris,sen,Democrat,MD,,M,1959-01-10,ChrisVanHollen,chrisvanhollen,https://www.vanhollen.senate.gov
V000081,Velázquez,Nydia,rep,Democrat,NY,7,F,1953-03-28,NydiaVelazquez,8037068318,https://velazquez.house.gov
V000108,Visclosky,Peter,rep,Democrat,IN,1,M,1949-08-13,RepVisclosky,repvisclosky,https://visclosky.house.gov
W000798,Walberg,Tim,rep,Republican,MI,7,M,1951-04-12,RepWalberg,RepWalberg,https://walberg.house.gov
W000791,Walden,Greg,rep,Republican,OR,2,M,1957-01-10,RepGregWalden,repgregwalden,https://walden.house.gov
W000799,Walz,Timothy,rep,Democrat,MN,1,M,1964-04-06,RepTimWalz,,https://walz.house.gov
W000797,Wasserman Schultz,Debbie,rep,Democrat,FL,23,F,1966-09-27,RepDWStweets,RepDWS,https://wassermanschultz.house.gov
W000187,Waters,Maxine,rep,Democrat,CA,43,F,1938-08-15,RepMaxineWaters,MaxineWaters,https://waters.house.gov
W000806,Webster,Daniel,rep,Republican,FL,11,M,1949-04-27,RepWebster,RepWebster,https://webster.house.gov
W000800,Welch,Peter,rep,Democrat,VT,0,M,1947-05-02,PeterWelch,PeterWelch,https://welch.house.gov
W000795,Wilson,Joe,rep,Republican,SC,2,M,1947-07-31,RepJoeWilson,JoeWilson,https://joewilson.house.gov
W000808,Wilson,Frederica,rep,Democrat,FL,24,F,1942-11-05,RepWilson,RepWilson,https://wilson.house.gov
W000804,Wittman,Robert,rep,Republican,VA,1,M,1959-02-03,RobWittman,RepRobWittman,https://wittman.house.gov
W000809,Womack,Steve,rep,Republican,AR,3,M,1957-02-18,Rep_SteveWomack,RepSteveWomack,https://womack.house.gov
W000810,Woodall,Rob,rep,Republican,GA,7,M,1970-02-11,RepRobWoodall,RepRobWoodall,https://woodall.house.gov
W000779,Wyden,Ron,sen,Democrat,OR,,M,1949-05-03,RonWyden,,https://www.wyden.senate.gov
Y000062,Yarmuth,John,rep,Democrat,KY,3,M,1947-11-04,RepJohnYarmuth,214258646163,https://yarmuth.house.gov
Y000063,Yoder,Kevin,rep,Republican,KS,3,M,1976-01-08,RepKevinYoder,CongressmanKevinYoder,https://yoder.house.gov
Y000033,Young,Don,rep,Republican,AK,0,M,1933-06-09,RepDonYoung,RepDonYoung,https://donyoung.house.gov
Y000064,Young,Todd,sen,Republican,IN,,M,1972-08-24,SenToddYoung,SenatorToddYoung,https://www.young.senate.gov
H001041,Heller,Dean,sen,Republican,NV,,M,1960-05-10,SenDeanHeller,SenDeanHeller,https://www.heller.senate.gov/public
A000369,Amodei,Mark,rep,Republican,NV,2,M,1958-06-12,MarkAmodeiNV2,MarkAmodeiNV2,https://amodei.house.gov
B001278,Bonamici,Suzanne,rep,Democrat,OR,1,F,1954-10-14,RepBonamici,congresswomanbonamici,https://bonamici.house.gov
D000617,DelBene,Suzan,rep,Democrat,WA,1,F,1962-02-17,RepDelBene,RepDelBene,https://delbene.house.gov
M001184,Massie,Thomas,rep,Republican,KY,4,M,1971-01-13,RepThomasMassie,RepThomasMassie,https://massie.house.gov
P000604,Payne,Donald,rep,Democrat,NJ,10,M,1958-12-17,RepDonaldPayne,DonaldPayneJr,https://payne.house.gov
S001194,Schatz,Brian,sen,Democrat,HI,,M,1972-10-20,SenBrianSchatz,SenBrianSchatz,https://www.schatz.senate.gov
F000454,Foster,Bill,rep,Democrat,IL,11,M,1955-10-07,RepBillFoster,CongressmanBillFoster,https://foster.house.gov
T000468,Titus,Dina,rep,Democrat,NV,1,F,1950-05-23,RepDinaTitus,CongresswomanTitus,https://titus.house.gov
C001095,Cotton,Tom,sen,Republican,AR,,M,1977-05-13,SenTomCotton,SenatorTomCotton,https://www.cotton.senate.gov
S001191,Sinema,Kyrsten,rep,Democrat,AZ,9,F,1976-07-12,RepSinema,CongresswomanSinema,https://sinema.house.gov
L000578,LaMalfa,Doug,rep,Republican,CA,1,M,1960-07-02,RepLaMalfa,RepLaMalfa,https://lamalfa.house.gov
H001068,Huffman,Jared,rep,Democrat,CA,2,M,1964-02-18,RepHuffman,RepHuffman,https://huffman.house.gov
B001287,Bera,Ami,rep,Democrat,CA,7,M,1965-03-02,RepBera,RepAmiBera,https://bera.house.gov
C001094,Cook,Paul,rep,Republican,CA,8,M,1943-03-03,RepPaulCook,RepPaulCook,https://cook.house.gov
S001193,Swalwell,Eric,rep,Democrat,CA,15,M,1980-11-16,RepSwalwell,CongressmanEricSwalwell,https://swalwell.house.gov
V000129,Valadao,David,rep,Republican,CA,21,M,1977-04-14,RepDavidValadao,CongressmanDavidValadao,https://valadao.house.gov
B001285,Brownley,Julia,rep,Democrat,CA,26,F,1952-08-28,JuliaBrownley26,RepJuliaBrownley,https://juliabrownley.house.gov
C001097,Cárdenas,Tony,rep,Democrat,CA,29,M,1963-03-31,RepCardenas,repcardenas,https://cardenas.house.gov
R000599,Ruiz,Raul,rep,Democrat,CA,36,M,1972-08-25,CongressmanRuiz,CongressmanRaulRuizMD,https://ruiz.house.gov
T000472,Takano,Mark,rep,Democrat,CA,41,M,1960-12-10,RepMarkTakano,RepMarkTakano,https://takano.house.gov
L000579,Lowenthal,Alan,rep,Democrat,CA,47,M,1941-03-08,RepLowenthal,RepLowenthal,https://lowenthal.house.gov
V000130,Vargas,Juan,rep,Democrat,CA,51,M,1961-03-07,RepJuanVargas,RepJuanVargas,https://vargas.house.gov
P000608,Peters,Scott,rep,Democrat,CA,52,M,1958-06-17,RepScottPeters,RepScottPeters,https://scottpeters.house.gov
E000293,Esty,Elizabeth,rep,Democrat,CT,5,F,1959-08-25,RepEsty,RepEsty,https://esty.house.gov
Y000065,Yoho,Ted,rep,Republican,FL,3,M,1955-04-13,RepTedYoho,CongressmanTedYoho,https://yoho.house.gov
D000621,DeSantis,Ron,rep,Republican,FL,6,M,1978-09-14,RepDeSantis,RepDeSantis,https://desantis.house.gov
F000462,Frankel,Lois,rep,Democrat,FL,21,F,1948-05-16,RepLoisFrankel,RepLoisFrankel,https://frankel.house.gov
C001093,Collins,Doug,rep,Republican,GA,9,M,1966-08-16,RepDougCollins,RepresentativeDougCollins,https://dougcollins.house.gov
G000571,Gabbard,Tulsi,rep,Democrat,HI,2,F,1981-04-12,TulsiPress,RepTulsiGabbard,https://gabbard.house.gov
D000622,Duckworth,Tammy,sen,Democrat,IL,,F,1968-03-12,SenDuckworth,SenDuckworth,https://www.duckworth.senate.gov
D000619,Davis,Rodney,rep,Republican,IL,13,M,1970-01-05,RodneyDavis,RepRodneyDavis,https://rodneydavis.house.gov
B001286,Bustos,Cheri,rep,Democrat,IL,17,F,1961-10-17,RepCheri,RepCheri,https://bustos.house.gov
W000813,Walorski,Jackie,rep,Republican,IN,2,F,1963-08-17,RepWalorski,RepJackieWalorski,https://walorski.house.gov
B001284,Brooks,Susan,rep,Republican,IN,5,F,1960-08-25,SusanWBrooks,congresswomansusanwbrooks,https://susanwbrooks.house.gov
M001189,Messer,Luke,rep,Republican,IN,6,M,1969-02-27,RepLukeMesser,RepLukeMesser,https://messer.house.gov
B001282,Barr,Garland,rep,Republican,KY,6,M,1973-07-24,RepAndyBarr,RepAndyBarr,https://barr.house.gov
W000817,Warren,Elizabeth,sen,Democrat,MA,,F,1949-06-22,SenWarren,senatorelizabethwarren,https://www.warren.senate.gov
K000379,Kennedy,Joseph,rep,Democrat,MA,4,M,1980-10-04,RepJoeKennedy,301936109927957,https://kennedy.house.gov
D000620,Delaney,John,rep,Democrat,MD,6,M,1963-04-16,RepJohnDelaney,congressmanjohndelaney,https://delaney.house.gov
K000383,King,Angus,sen,Independent,ME,,M,1944-03-31,SenAngusKing,SenatorAngusSKingJr,https://www.king.senate.gov
K000380,Kildee,Daniel,rep,Democrat,MI,5,M,1958-08-11,RepDanKildee,RepDanKildee,https://dankildee.house.gov
N000127,Nolan,Richard,rep,Democrat,MN,8,M,1943-12-17,USRepRickNolan,UsRepRickNolan,https://nolan.house.gov
W000812,Wagner,Ann,rep,Republican,MO,2,F,1962-09-13,RepAnnWagner,RepAnnWagner,https://wagner.house.gov
D000618,Daines,Steve,sen,Republican,MT,,M,1962-08-20,SteveDaines,SteveDainesMT,https://www.daines.senate.gov
H001067,Hudson,Richard,rep,Republican,NC,8,M,1971-11-04,RepRichHudson,RepRichHudson,https://hudson.house.gov
P000606,Pittenger,Robert,rep,Republican,NC,9,M,1948-08-15,RepPittenger,congressmanpittenger,https://pittenger.house.gov
M001187,Meadows,Mark,rep,Republican,NC,11,M,1959-07-28,RepMarkMeadows,Repmarkmeadows,https://meadows.house.gov
H001065,Holding,George,rep,Republican,NC,2,M,1968-04-17,RepHolding,CongressmanGeorgeHolding,https://holding.house.gov
H001069,Heitkamp,Heidi,sen,Democrat,ND,,F,1955-10-30,SenatorHeitkamp,SenatorHeidiHeitkamp,https://www.heitkamp.senate.gov/public
C001096,Cramer,Kevin,rep,Republican,ND,0,M,1961-01-21,RepKevinCramer,CongressmanKevinCramer,https://cramer.house.gov
F000463,Fischer,Deb,sen,Republican,NE,,F,1951-03-01,SenatorFischer,senatordebfischer,https://www.fischer.senate.gov
K000382,Kuster,Ann,rep,Democrat,NH,2,F,1956-09-05,RepAnnieKuster,CongresswomanAnnieKuster,https://kuster.house.gov
L000580,Lujan Grisham,Michelle,rep,Democrat,NM,1,F,1959-10-24,RepLujanGrisham,RepLujanGrisham,https://lujangrisham.house.gov
M001188,Meng,Grace,rep,Democrat,NY,6,F,1975-10-01,RepGraceMeng,repgracemeng,https://meng.house.gov
J000294,Jeffries,Hakeem,rep,Democrat,NY,8,M,1970-08-04,RepJeffries,RepHakeemJeffries,https://jeffries.house.gov
M001185,Maloney,Sean,rep,Democrat,NY,18,M,1966-07-30,RepSeanMaloney,RepSeanMaloney,https://seanmaloney.house.gov
C001092,Collins,Chris,rep,Republican,NY,27,M,1950-05-20,RepChrisCollins,RepChrisCollins,https://chriscollins.house.gov
W000815,Wenstrup,Brad,rep,Republican,OH,2,M,1958-06-17,RepBradWenstrup,RepBradWenstrup,https://wenstrup.house.gov
B001281,Beatty,Joyce,rep,Democrat,OH,3,F,1950-03-12,RepBeatty,RepJoyceBeatty,https://beatty.house.gov
J000295,Joyce,David,rep,Republican,OH,14,M,1957-03-17,RepDaveJoyce,RepDaveJoyce,https://joyce.house.gov
B001283,Bridenstine,Jim,rep,Republican,OK,1,M,1975-06-15,RepJBridenstine,CongressmanJimBridenstine,https://bridenstine.house.gov
M001190,Mullin,Markwayne,rep,Republican,OK,2,M,1977-07-26,RepMullin,RepMullin,https://mullin.house.gov
P000605,Perry,Scott,rep,Republican,PA,4,M,1962-05-27,RepScottPerry,repscottperry,https://perry.house.gov
R000598,Rothfus,Keith,rep,Republican,PA,12,M,1962-04-25,KeithRothfus,keithrothfus,https://rothfus.house.gov
C001090,Cartwright,Matthew,rep,Democrat,PA,17,M,1961-05-01,RepCartwright,CongressmanMattCartwright,https://cartwright.house.gov
R000597,Rice,Tom,rep,Republican,SC,7,M,1957-08-04,RepTomRice,reptomrice,https://rice.house.gov
C001098,Cruz,Ted,sen,Republican,TX,,M,1970-12-22,SenTedCruz,SenatorTedCruz,https://www.cruz.senate.gov
W000814,Weber,Randy,rep,Republican,TX,14,M,1953-07-02,TXRandy14,TXRandy14,https://weber.house.gov
O000170,O’Rourke,Beto,rep,Democrat,TX,16,M,1972-09-26,RepBetoORourke,betoorourketx16,https://orourke.house.gov
C001091,Castro,Joaquin,rep,Democrat,TX,20,M,1974-09-16,JoaquinCastrotx,326420614138023,https://castro.house.gov
W000816,Williams,Roger,rep,Republican,TX,25,M,1949-09-13,RepRWilliams,RepRogerWilliams,https://williams.house.gov
V000131,Veasey,Marc,rep,Democrat,TX,33,M,1971-01-03,RepVeasey,CongressmanMarcVeasey,https://veasey.house.gov
V000132,Vela,Filemon,rep,Democrat,TX,34,M,1963-02-13,RepFilemonVela,USCongressmanFilemonVela,https://vela.house.gov
S001192,Stewart,Chris,rep,Republican,UT,2,M,1960-07-15,RepChrisStewart,RepChrisStewart,https://stewart.house.gov
K000384,Kaine,Timothy,sen,Democrat,VA,,M,1958-02-26,SenKaineOffice,SenatorKaine,https://www.kaine.senate.gov
K000381,Kilmer,Derek,rep,Democrat,WA,6,M,1974-01-01,RepDerekKilmer,derek.kilmer,https://kilmer.house.gov
H001064,Heck,Denny,rep,Democrat,WA,10,M,1952-07-29,RepDennyHeck,CongressmanDennyHeck,https://dennyheck.house.gov
P000607,Pocan,Mark,rep,Democrat,WI,2,M,1964-08-14,RepMarkPocan,repmarkpocan,https://pocan.house.gov
K000385,Kelly,Robin,rep,Democrat,IL,2,F,1956-04-30,RepRobinKelly,reprobinkelly,https://robinkelly.house.gov
S000051,Sanford,Marshall,rep,Republican,SC,1,M,1960-05-28,RepSanfordSC,RepSanfordSC,https://sanford.house.gov
S001195,Smith,Jason,rep,Republican,MO,8,M,1980-06-16,RepJasonSmith,repjasonsmith,https://jasonsmith.house.gov
B001288,Booker,Cory,sen,Democrat,NJ,,M,1969-04-27,SenBooker,,https://www.booker.senate.gov
C001101,Clark,Katherine,rep,Democrat,MA,5,F,1963-07-17,RepKClark,CongresswomanClark,https://katherineclark.house.gov
B001289,Byrne,Bradley,rep,Republican,AL,1,M,1955-02-16,RepByrne,RepByrne,https://byrne.house.gov
B001290,Brat,David,rep,Republican,VA,7,M,1964-07-27,RepDaveBrat,RepDaveBrat,https://brat.house.gov
N000188,Norcross,Donald,rep,Democrat,NJ,1,M,1958-12-13,DonaldNorcross,DonaldNorcrossNJ,https://norcross.house.gov
A000370,Adams,Alma,rep,Democrat,NC,12,F,1946-05-27,RepAdams,CongresswomanAdams,https://adams.house.gov
P000609,Palmer,Gary,rep,Republican,AL,6,M,1954-05-14,USRepGaryPalmer,CongressmanGaryPalmer,https://palmer.house.gov
H001072,Hill,French,rep,Republican,AR,2,M,1956-12-05,RepFrenchHill,RepFrenchHill,https://hill.house.gov
W000821,Westerman,Bruce,rep,Republican,AR,4,M,1967-11-18,RepWesterman,RepWesterman,https://westerman.house.gov
M001197,McSally,Martha,rep,Republican,AZ,2,F,1966-03-22,RepMcSally,RepMcSally,https://mcsally.house.gov
G000574,Gallego,Ruben,rep,Democrat,AZ,7,M,1979-11-20,RepRubenGallego,RepRubenGallego,https://rubengallego.house.gov
D000623,DeSaulnier,Mark,rep,Democrat,CA,11,M,1952-03-31,RepDeSaulnier,RepMarkDeSaulnier,https://desaulnier.house.gov
K000387,Knight,Steve,rep,Republican,CA,25,M,1966-12-17,SteveKnight25,RepresentativeSteveKnight,https://knight.house.gov
A000371,Aguilar,Pete,rep,Democrat,CA,31,M,1979-06-19,reppeteaguilar,reppeteaguilar,https://aguilar.house.gov
L000582,Lieu,Ted,rep,Democrat,CA,33,M,1969-03-29,RepTedLieu,RepTedLieu,https://lieu.house.gov
T000474,Torres,Norma,rep,Democrat,CA,35,F,1965-04-04,NormaJTorres,RepNormaTorres,https://torres.house.gov
W000820,Walters,Mimi,rep,Republican,CA,45,F,1962-05-14,RepMimiWalters,RepMimiWalters,https://walters.house.gov
B001297,Buck,Ken,rep,Republican,CO,4,M,1959-02-16,RepKenBuck,repkenbuck,https://buck.house.gov
C001107,Curbelo,Carlos,rep,Republican,FL,26,M,1980-03-01,RepCurbelo,repcurbelo,https://curbelo.house.gov
C001103,Carter,Buddy,rep,Republican,GA,1,M,1957-09-06,RepBuddyCarter,congressmanbuddycarter,https://buddycarter.house.gov
H001071,Hice,Jody,rep,Republican,GA,10,M,1960-04-22,congressmanhice,CongressmanJodyHice,https://hice.house.gov
L000583,Loudermilk,Barry,rep,Republican,GA,11,M,1963-12-22,RepLoudermilk,reploudermilk,https://loudermilk.house.gov
A000372,Allen,Rick,rep,Republican,GA,12,M,1951-11-07,reprickallen,CongressmanRickAllen,https://allen.house.gov
B001294,Blum,Rod,rep,Republican,IA,1,M,1955-04-26,RepRodBlum,congressmanrodblum,https://blum.house.gov
Y000066,Young,David,rep,Republican,IA,3,M,1968-05-11,RepDavidYoung,RepDavidYoung,https://davidyoung.house.gov
B001295,Bost,Mike,rep,Republican,IL,12,M,1960-12-30,RepBost,RepBost,https://bost.house.gov
A000374,Abraham,Ralph,rep,Republican,LA,5,M,1954-09-16,RepAbraham,CongressmanRalphAbraham,https://abraham.house.gov
G000577,Graves,Garret,rep,Republican,LA,6,M,1972-01-31,RepGarretGraves,CongressmanGarretGraves,https://garretgraves.house.gov
M001196,Moulton,Seth,rep,Democrat,MA,6,M,1978-10-24,teammoulton,CongressmanSethMoulton,https://moulton.house.gov
P000611,Poliquin,Bruce,rep,Republican,ME,2,M,1953-11-01,RepPoliquin,RepPoliquin,https://poliquin.house.gov
M001194,Moolenaar,John,rep,Republican,MI,4,M,1961-05-08,RepMoolenaar,RepMoolenaar,https://moolenaar.house.gov
B001293,Bishop,Mike,rep,Republican,MI,8,M,1967-03-18,RepMikeBishop,RepMikeBishop,https://mikebishop.house.gov
T000475,Trott,Dave,rep,Republican,MI,11,M,1960-10-16,repdavetrott,RepDaveTrott,https://trott.house.gov
D000624,Dingell,Debbie,rep,Democrat,MI,12,F,1953-11-23,RepDebDingell,RepDebbieDingell,https://debbiedingell.house.gov
L000581,Lawrence,Brenda,rep,Democrat,MI,14,F,1954-10-18,RepLawrence,395759603917487,https://lawrence.house.gov
E000294,Emmer,Tom,rep,Republican,MN,6,M,1961-03-03,RepTomEmmer,reptomemmer,https://emmer.house.gov
R000603,Rouzer,David,rep,Republican,NC,7,M,1972-02-16,RepDavidRouzer,RepRouzer,https://rouzer.house.gov
M001193,MacArthur,Tom,rep,Republican,NJ,3,M,1960-10-16,RepTomMacArthur,CongressmanTomMacArthur,https://macarthur.house.gov
W000822,Watson Coleman,Bonnie,rep,Democrat,NJ,12,F,1945-02-06,RepBonnie,RepBonnie,https://watsoncoleman.house.gov
Z000017,Zeldin,Lee,rep,Republican,NY,1,M,1980-01-30,RepLeeZeldin,RepLeeZeldin,https://zeldin.house.gov
R000602,Rice,Kathleen,rep,Democrat,NY,4,F,1965-02-15,RepKathleenRice,RepKathleenRice,https://kathleenrice.house.gov
S001196,Stefanik,Elise,rep,Republican,NY,21,F,1984-07-02,RepStefanik,RepEliseStefanik,https://stefanik.house.gov
K000386,Katko,John,rep,Republican,NY,24,M,1962-11-09,RepJohnKatko,RepJohnKatko,https://katko.house.gov
R000604,Russell,Steve,rep,Republican,OK,5,M,1963-05-25,RepRussell,reprussell,https://russell.house.gov
C001106,Costello,Ryan,rep,Republican,PA,6,M,1976-09-07,RepRyanCostello,CongressmanRyanCostello,https://costello.house.gov
B001296,Boyle,Brendan,rep,Democrat,PA,13,M,1977-02-06,CongBoyle,CongressmanBoyle,https://boyle.house.gov
R000601,Ratcliffe,John,rep,Republican,TX,4,M,1965-10-20,RepRatcliffe,RepRatcliffe,https://ratcliffe.house.gov
H001073,Hurd,Will,rep,Republican,TX,23,M,1977-08-19,hurdonthehill,HurdOnTheHill,https://hurd.house.gov
B001291,Babin,Brian,rep,Republican,TX,36,M,1948-03-23,RepBrianBabin,RepBrianBabin,https://babin.house.gov
L000584,Love,Mia,rep,Republican,UT,4,F,1975-12-06,repmialove,repmialove,https://love.house.gov
B001292,Beyer,Donald,rep,Democrat,VA,8,M,1950-06-20,repdonbeyer,repdonbeyer,https://beyer.house.gov
C001105,Comstock,Barbara,rep,Republican,VA,10,F,1959-06-30,RepComstock,RepBarbaraComstock,https://comstock.house.gov
P000610,Plaskett,Stacey,rep,Democrat,VI,0,F,1964-05-13,staceyplaskett,repstaceyplaskett,https://plaskett.house.gov
N000189,Newhouse,Dan,rep,Republican,WA,4,M,1955-07-10,RepNewhouse,RepNewhouse,https://newhouse.house.gov
G000576,Grothman,Glenn,rep,Republican,WI,6,M,1955-07-03,RepGrothman,RepGrothman,https://grothman.house.gov
M001195,Mooney,Alex,rep,Republican,WV,2,M,1971-06-05,RepAlexMooney,CongressmanAlexMooney,https://mooney.house.gov
J000297,Jenkins,Evan,rep,Republican,WV,3,M,1960-09-12,RepEvanJenkins,RepEvanJenkins,https://evanjenkins.house.gov
S001198,Sullivan,Dan,sen,Republican,AK,,M,1964-11-13,SenDanSullivan,SenDanSullivan,https://www.sullivan.senate.gov
P000612,Perdue,David,sen,Republican,GA,,M,1949-12-10,sendavidperdue,SenatorDavidPerdue,https://www.perdue.senate.gov
E000295,Ernst,Joni,sen,Republican,IA,,F,1970-07-01,SenJoniErnst,senjoniernst,https://www.ernst.senate.gov/public
T000476,Tillis,Thom,sen,Republican,NC,,M,1960-08-30,senthomtillis,SenatorThomTillis,https://www.tillis.senate.gov/public
R000605,Rounds,Mike,sen,Republican,SD,,M,1954-10-24,SenatorRounds,SenatorMikeRounds,https://www.rounds.senate.gov
W000819,Walker,Mark,rep,Republican,NC,6,M,1969-05-20,RepMarkWalker,RepMarkWalker,https://walker.house.gov
S001197,Sasse,Benjamin,sen,Republican,NE,,M,1972-02-22,SenSasse,SenatorSasse,https://www.sasse.senate.gov/public
D000625,Donovan,Daniel,rep,Republican,NY,11,M,1956-11-06,RepDanDonovan,RepDanDonovan,https://donovan.house.gov
K000388,Kelly,Trent,rep,Republican,MS,1,M,1966-03-01,reptrentkelly,reptrentkelly,https://trentkelly.house.gov
L000585,LaHood,Darin,rep,Republican,IL,18,M,1968-07-05,RepLaHood,replahood,https://lahood.house.gov
D000626,Davidson,Warren,rep,Republican,OH,8,M,1970-03-01,WarrenDavidson,CongressmanWarrenDavidson,https://davidson.house.gov
H001050,Hanabusa,Colleen,rep,Democrat,HI,1,F,1951-05-04,RepHanabusa,RepColleenHanabusa,https://hanabusa.house.gov
C001108,Comer,James,rep,Republican,KY,1,M,1972-08-19,,congressmancomer,https://comer.house.gov
E000296,Evans,Dwight,rep,Democrat,PA,2,M,1954-05-16,RepDwightEvans,RepDwightEvans,https://evans.house.gov
H001075,Harris,Kamala,sen,Democrat,CA,,F,1964-10-20,SenKamalaHarris,SenatorKamalaHarris,https://www.harris.senate.gov
K000393,Kennedy,John,sen,Republican,LA,,M,1951-11-21,SenJohnKennedy,JohnKennedyLouisiana,https://www.kennedy.senate.gov/public
H001076,Hassan,Margaret,sen,Democrat,NH,,F,1958-02-27,Senatorhassan,SenatorHassan,https://www.hassan.senate.gov
C001113,Cortez Masto,Catherine,sen,Democrat,NV,,F,1964-03-29,sencortezmasto,SenatorCortezMasto,https://www.cortezmasto.senate.gov
S001190,Schneider,Bradley,rep,Democrat,IL,10,M,1961-08-20,repschneider,CongressmanBradSchneider,https://schneider.house.gov
S001170,Shea-Porter,Carol,rep,Democrat,NH,1,F,1952-12-02,repsheaporter,repsheaporter,https://shea-porter.house.gov
O000171,O’Halleran,Tom,rep,Democrat,AZ,1,M,1946-01-24,repohalleran,repohalleran,https://ohalleran.house.gov
B001302,Biggs,Andy,rep,Republican,AZ,5,M,1958-11-07,RepAndyBiggsAZ,RepAndyBiggs,https://biggs.house.gov
K000389,Khanna,Ro,rep,Democrat,CA,17,M,1976-09-13,RepRoKhanna,RepRoKhanna,https://khanna.house.gov
P000613,Panetta,Jimmy,rep,Democrat,CA,20,M,1969-10-01,RepJimmyPanetta,RepJimmyPanetta,https://panetta.house.gov
C001112,Carbajal,Salud,rep,Democrat,CA,24,M,1964-11-18,RepCarbajal,repsaludcarbajal,https://carbajal.house.gov
B001300,Barragán,Nanette,rep,Democrat,CA,44,F,1976-09-15,RepBarragan,CongresswomanBarragan,https://barragan.house.gov
C001110,Correa,J.,rep,Democrat,CA,46,M,1958-01-24,reploucorrea,RepLouCorrea,https://correa.house.gov
B001303,Blunt Rochester,Lisa,rep,Democrat,DE,0,F,1962-02-10,RepBRochester,Rep.BluntRochester,https://bluntrochester.house.gov
G000578,Gaetz,Matt,rep,Republican,FL,1,M,1982-05-07,RepMattGaetz,CongressmanMattGaetz,https://gaetz.house.gov
D000628,Dunn,Neal,rep,Republican,FL,2,M,1953-02-16,drnealdunnfl2,drnealdunnfl2,https://dunn.house.gov
R000609,Rutherford,John,rep,Republican,FL,4,M,1952-09-02,RepRutherfordFL,RepRutherfordFL,https://rutherford.house.gov
L000586,Lawson,Al,rep,Democrat,FL,5,M,1948-09-21,RepAlLawsonJr,RepAlLawsonJr,https://lawson.house.gov
M001202,Murphy,Stephanie,rep,Democrat,FL,7,F,1978-09-16,RepStephMurphy,RepStephMurphy,https://stephaniemurphy.house.gov
S001200,Soto,Darren,rep,Democrat,FL,9,M,1978-02-25,RepDarrenSoto,CongressmanDarrenSoto,https://soto.house.gov
D000627,Demings,Val,rep,Democrat,FL,10,F,1957-03-12,RepValDemings,RepresentativeValDemings,https://demings.house.gov
C001111,Crist,Charlie,rep,Democrat,FL,13,M,1956-07-24,repcharliecrist,RepCharlieCrist,https://crist.house.gov
M001199,Mast,Brian,rep,Republican,FL,18,M,1980-07-10,repbrianmast,repbrianmast,https://mast.house.gov
R000607,Rooney,Francis,rep,Republican,FL,19,M,1953-12-04,RepRooney,RepRooney,https://francisrooney.house.gov
F000465,Ferguson,A.,rep,Republican,GA,3,M,1967-11-15,RepDrewFerguson,RepDrewFerguson,https://ferguson.house.gov
K000391,Krishnamoorthi,Raja,rep,Democrat,IL,8,M,1973-07-19,congressmanraja,congressmanraja,https://krishnamoorthi.house.gov
B001299,Banks,Jim,rep,Republican,IN,3,M,1979-07-16,RepJimBanks,RepJimBanks,https://banks.house.gov
H001074,Hollingsworth,Trey,rep,Republican,IN,9,M,1983-09-12,reptrey,reptrey,https://hollingsworth.house.gov
M001198,Marshall,Roger,rep,Republican,KS,1,M,1960-08-09,RepMarshall,rogermarshallmd,https://marshall.house.gov
H001077,Higgins,Clay,rep,Republican,LA,3,M,1961-08-24,RepClayHiggins,CongressmanClayHiggins,https://clayhiggins.house.gov
J000299,Johnson,Mike,rep,Republican,LA,4,M,1972-01-30,RepMikeJohnson,RepMikeJohnson,https://mikejohnson.house.gov
B001304,Brown,Anthony,rep,Democrat,MD,4,M,1961-11-21,RepAnthonyBrown,RepAnthonyBrown,https://anthonybrown.house.gov
R000606,Raskin,Jamie,rep,Democrat,MD,8,M,1962-12-13,repraskin,repraskin,https://raskin.house.gov
B001301,Bergman,Jack,rep,Republican,MI,1,M,1947-02-02,RepJackBergman,RepJackBergman,https://bergman.house.gov
M001201,Mitchell,Paul,rep,Republican,MI,10,M,1961-05-08,RepPaulMitchell,reppaulmitchell,https://mitchell.house.gov
L000587,Lewis,Jason,rep,Republican,MN,2,M,1955-09-23,RepJasonLewis,RepJasonLewis,https://jasonlewis.house.gov
B001305,Budd,Ted,rep,Republican,NC,13,M,1971-10-21,RepTedBudd,RepTedBudd,https://budd.house.gov
B001298,Bacon,Don,rep,Republican,NE,2,M,1963-08-16,repdonbacon,RepDonBacon,https://bacon.house.gov
G000583,Gottheimer,Josh,rep,Democrat,NJ,5,M,1975-03-08,RepJoshG,RepJoshG,https://gottheimer.house.gov
R000608,Rosen,Jacky,rep,Democrat,NV,3,F,1957-08-02,repjackyrosen,RepJackyRosen,https://rosen.house.gov
K000390,Kihuen,Ruben,rep,Democrat,NV,4,M,1980-04-25,RepKihuen,RepKihuen,https://kihuen.house.gov
S001201,Suozzi,Thomas,rep,Democrat,NY,3,M,1962-08-31,RepTomSuozzi,RepTomSuozzi,https://suozzi.house.gov
E000297,Espaillat,Adriano,rep,Democrat,NY,13,M,1954-09-27,RepEspaillat,RepEspaillat,https://espaillat.house.gov
F000464,Faso,John,rep,Republican,NY,19,M,1952-08-25,RepJohnFaso,RepJohnFaso,https://faso.house.gov
T000478,Tenney,Claudia,rep,Republican,NY,22,F,1961-02-04,RepTenney,RepClaudiaTenney,https://tenney.house.gov
F000466,Fitzpatrick,Brian,rep,Republican,PA,8,M,1973-12-17,repbrianfitz,repbrianfitzpatrick,https://fitzpatrick.house.gov
S001199,Smucker,Lloyd,rep,Republican,PA,16,M,1964-01-23,RepSmucker,RepSmucker,https://smucker.house.gov
K000392,Kustoff,David,rep,Republican,TN,8,M,1966-10-08,repdavidkustoff,RepDavidKustoff,https://kustoff.house.gov
G000581,Gonzalez,Vicente,rep,Democrat,TX,15,M,1967-09-04,RepGonzalez,USCongressmanVicenteGonzalez,https://gonzalez.house.gov
A000375,Arrington,Jodey,rep,Republican,TX,19,M,1972-03-09,RepArrington,JodeyArrington,https://arrington.house.gov
T000477,Taylor,Scott,rep,Republican,VA,2,M,1979-06-27,RepScottTaylor,RepScottTaylor,https://taylor.house.gov
M001200,McEachin,A.,rep,Democrat,VA,4,M,1961-10-10,RepMcEachin,RepMcEachin,https://mceachin.house.gov
G000580,Garrett,Thomas,rep,Republican,VA,5,M,1972-03-27,RepTomGarrett,congressman-Tom-Garrett-1835767753333490,https://tomgarrett.house.gov
J000298,Jayapal,Pramila,rep,Democrat,WA,7,F,1965-09-21,RepJayapal,RepJayapal,https://jayapal.house.gov
G000579,Gallagher,Mike,rep,Republican,WI,8,M,1984-03-03,RepGallagher,RepMikeGallagher,https://gallagher.house.gov
C001109,Cheney,Liz,rep,Republican,WY,0,F,1966-07-28,RepLizCheney,replizcheney,https://cheney.house.gov
S001202,Strange,Luther,sen,Republican,AL,,M,1953-03-01,SenatorStrange,SenatorLutherStrange,https://www.strange.senate.gov
E000298,Estes,Ron,rep,Republican,KS,4,M,1956-07-19,RepRonEstes,RepRonEstes,https://estes.house.gov
G000584,Gianforte,Greg,rep,Republican,MT,0,M,1961-04-17,,,https://gianforte.house.gov
N000190,Norman,Ralph,rep,Republican,SC,5,M,1953-06-20,RepRalphNorman,RepRalphNorman,https://norman.house.gov
H001078,Handel,Karen,rep,Republican,GA,6,F,1962-04-18,,,https://handel.house.gov
G000585,Gomez,Jimmy,rep,Democrat,CA,34,M,1974-11-25,RepJimmyGomez,RepJimmyGomez,https://gomez.house.gov
C001114,Curtis,John,rep,Republican,UT,3,M,1960-05-10,,,https://curtis.house.gov
